[
  {
    "id": "2888e78d-c085-45fb-83e5-bc258d4ec5b4",
    "name": "saaadc",
    "email": "rahul@gmail.com",
    "phone": "zcac",
    "age": 18,
    "education": "high school",
    "college": "iimt",
    "cgpa": 9.8,
    "skills": [
      "Python"
    ],
    "interests": [
      "Technology",
      "Healthcare"
    ],
    "location_preference": "bhopal",
    "location_type": "urban",
    "category": "General",
    "experience": "fresher",
    "past_participation": false,
    "created_at": "2025-09-02T14:03:27.460176"
  }
]